tweet_id,analysis_text,historical_reply,human_intent,human_reply_quality,human_action,human_notes
281979,Your product wich is in pic looks diffrent nd we receve is diffrent and also a color we cannt cancle this bcz i m live in dakor gujarat,@183175 Apologies for the inconvenience. Request you to get in touch with our support team here : https://t.co/TdDksLo6Mf.^SK,product_issue,Acceptable,ESCALATE,Product received differs from pictured product
671655,I don't have an Amazon account with that email address. But it is an address with 2 step verification that has not been hacked. Why would someone be able to set up an Amazon account with an email account that has not been verified thru Amazon? Sounds like Amazon security prob.,"@280258 Hey, you can set up an Amazon account using any email address that's not already associated with Amazon account. ^RS",account_login,Good,AUTO_HANDLE,Customer asks about creating an Amazon account with an unverified email address.
40422,But please arrange return pick up from your hand,"@120261 Please don't worry, our team will get in touch with you with a best possible resolution. ^SU",return,Acceptable,ESCALATE,Customer requests return pickup; support needs to arrange it.
1665280,"C'est inexcusable, je dois faire un transfert de données le 7 de l'ancienne console à celle-ci, et je dois revendre l'autre le même jour","@507413 Nous n'avons pas accès à votre compte, vous pouvez contacter notre SAV pour qu'ils vous aident via https://t.co/hgIrz98cdI",customer_service,Acceptable,ESCALATE,Customer needs support for a time-sensitive console data-transfer issue.
946601,I am very disappointing with the service of seller support my cases is not resolved its takes 3 months. Plz help,"@344469 Kindly share your details here: https://t.co/beaaDm0muc, and we'll reach out to you soon. (2/2) ^MD",customer_service,Acceptable,ESCALATE,Seller support case has remained unresolved for three months.
73532,No i ordered one item and it says it has been delivered. Part of the item is missing. This was a gift for someone tomorrow so I needed to receive it by today,"@132441 Thanks for the additional information! We'd like to take a look into this with you! When you get a moment, please contact us via chat or phone: https://t.co/JzP7hlA23B ^SW",delivery,Acceptable,ESCALATE,Order is marked delivered but part of the item is missing.
318264,It seems to be cooperating now. Its preference for Lloyd was just a little amusing.,@191939 Delighted it is working now.^CD,product_issue,Good,AUTO_HANDLE,Customer indicates the issue is now working normally.
472347,"I normally buy a few bits on a Friday but its now saying delivery for Monday, so deleted the items in my basket &amp; will have to go to Tesco tomorrow instead. Its always been fine before &amp; this has happened the last couple of orders Ive tried as well .. :(","@227489 This is not the experience we want you to have. Thank you for your feedback, it helps us improve. ^BD",delivery,Acceptable,AUTO_HANDLE,Customer reports unexpected delivery-date changes.
508132,"@236664 I ordered something three different items at three different times and they said “tried to deliver, business was closed....” Ummmm, no asshat ~ that “business” is a hotel!","@249440 I'm sorry to hear about the delivery trouble. If you are currently waiting on an order, we'd like to help! Have you received an updated delivery date for the orders? ^MB",delivery,Acceptable,ESCALATE,Customer reports failed delivery attempts to a hotel
413015,Gibts da ne Vorlage ? Ich kann nicht schlafen xd nur wenn man das mit 3-4 Produkten macht wird das ganz schön teuer,"@213578 Schau mal hier: https://t.co/7M84KcSxSt Diese Seite ist beim Produkt unter ""Hier klicken, um mehr über den AWS IoT-Button zu erfahren."" verlinkt. Als Bier-Alternative hätten wir noch das hier: https://t.co/CTqAEjLZej Du hast die Qual der Wahl 🍺🙂 ^DS",product_issue,Good,AUTO_HANDLE,Customer asks for a product template/reference and receives a relevant resource.
312965,No info since yesterday. Really 😒 https://t.co/D1u8Bfwxyj,@125313 Reach us here: https://t.co/JzP7hlRCV9 so we can check into this for you.^CD,customer_service,Acceptable,ESCALATE,Customer has not received an update and needs support follow-up.
179060,16th of September with Amazon. Received the code Monday. Input it to PSN last night. Was told it redeemed. Are the codes broken?,@158225 Sorry to hear this. Please get in touch with EA for assistance with this. ^RL,product_issue,Poor,ESCALATE,Customer reports a code redemption problem and needs investigation.
511712,i cancelled an order over 10 days ago but still havent got a refund. How long does it take?,"@237640 That's a bit unusual! When you place an order on Amazon, we may authorize your payment when your order is placed, but we don't charge you until the item ships. Was this order placed with one of our third-party sellers? You can check here: https://t.co/Y5jpI9gRhE ^BN",refund_payment,Poor,ESCALATE,Customer is waiting for a refund after cancelling an order.
428992,@115851 @115850 making fool how long you will loot Indian customer???,@158494 I understand your concern. Could you confirm if you've shared your details in the link provided earlier? ^HD,customer_service,Poor,ESCALATE,Customer expresses a serious service complaint and needs support attention.
1973387,Request you to kindly deliver my product between 2 - 5 pm order # 408-3487683-8821161. It’s request else I’ll hv 2 cancel,@539494 Please don't provide your order details as we consider it personal information. Our twitter page is visible to public.(2/2) ^CB,delivery,Poor,ESCALATE,Customer requests a specific delivery time and may cancel if not possible.
2483964,"Bought Motog5s Plus and got ""Up to 120 GB additional data from Idea"" from Amazon. Tried Availing this offer but got ""Invalid Invoice, details not found "" error. Today is Last day to avail. Pls. help @115850 @idea_cares https://t.co/wEDZeV8Bqa",@637647 I'm sorry that you are unable to claim the additional data. Kindly reach out to our support team here: https://t.co/vlvfJr4nN9 and we'll assist you accordingly. ^GD,product_issue,Acceptable,ESCALATE,Customer cannot claim an advertised product offer due to an invoice error.
292893,I hv submitted my prblm in ur email support team. They hv given reply to me and promised to me give cash back 15%. Ok so i m waiting.,@158512 Could you please confirm if you've shared your details in the link provided earlier? ^AG,refund_payment,Acceptable,ESCALATE,Customer is waiting for promised cashback/refund.
686676,Que ponía que mi paquete llegaba antes de las 9 de la mañana y no ha llegado aún :(,"@283958 Entiendo, ¿nos podrías indicar cuál es la fecha de entrega estimada que has recibido en el correo electrónico? ^KA",delivery,Acceptable,ESCALATE,Package has not arrived by the promised delivery time.
2857269,"Si se tiene que dirigir a alguna persona en especial, les pido POR FAVOR me digan con quién, para que el operador sepa.","@794123 Encontrarás los detalles de contacto en el siguiente enlace, ellos te guiarán durante la llamada: https://t.co/mEKBC5rf63 ^HC",customer_service,Good,AUTO_HANDLE,Customer asks who they should contact for assistance.
2671808,Thankyou amazon! I’m due the 6th of January so thought it’s best I get organised in case baby decides to make an early appearance 👶🏽❣️,@752321 Aw exciting! We would love to send an early Xmas pressie from us :) can you provide info here: https://t.co/tkLCr7DNil ^NV,other,Good,AUTO_HANDLE,Positive/non-support message with no specific customer issue.
204914,"Yes. Tracking stops yesterday, package due today. Guaranteed delivery date.","@164537 Typically, late orders arrive the next business day. If yours doesn't give us a call: https://t.co/hApLpMlfHN ^EP",delivery,Acceptable,ESCALATE,Tracking stopped and guaranteed delivery date has passed.
234564,"Yes, it arrived at two incorrect carrier facilities and it said the package may be here Friday. Afraid it’s going to get stuck at my dorm!","@171848 We might be able to have the delivery re-routed, Slyvie. Please phone us here: https://t.co/hApLpMlfHN and we'll discuss. ^LB",delivery,Good,ESCALATE,Package is routed through incorrect facilities and may be delayed.
1387352,I went to this link but I did not got contact number...I have query to ask...please give the customer care number,"@442807 Once you click on the link, you will have an option to enter your number and reach us via the phone, Aravind. ^KS",customer_service,Good,AUTO_HANDLE,Customer asks for the customer care contact number.
710642,After confirm my oder the estimate date is 16th Oct which take more than 1week. If received b4 Friday that it really use ful.,@246259 before then. Please wait until the estimated delivery date and I'm positive your order will be delivered. 2/2 ^SH,delivery,Acceptable,AUTO_HANDLE,Customer is concerned about the estimated delivery date.
581926,"Hi , It's me again! so regarding my shipment which was in the custom , today i checked with DHL and they said it's not shipped yet which is weird! and i went back to the tracking page and i found this ""Not yet shipped"" I meant what's happening here? Please advise?","@257159 I'm so sorry for the delay! We don't have access to your account or orders via Twitter. When you have a moment, reach us via phone or chat and we'll take a look at the order together in real-time: https://t.co/hApLpMlfHN If we can still help, let us know! ^KN",delivery,Acceptable,ESCALATE,Shipment shows not yet shipped and requires investigation.
812366,Dann wende ich mich mal an den :3 vielen Dank,@313577 Aber gerne doch! :-) ^AK,other,Good,AUTO_HANDLE,Customer simply thanks/supports the previous response.
64007,Thanks for your kind support. Item reached the destination,@130697 You're most welcome. We're glad to know that the package was rightly delivered. Appreciate your cooperation while we worked on this for you. ^EM,delivery,Good,AUTO_HANDLE,Customer confirms successful delivery.
1350017,"@115830 Hey, now me, my wife and my friend have all had the same thing done. We ordered, you took the money, then said the card was declined, we have to add more money to the card and then it works. Why are you authorising it and then not taking it??","@434819 I'm sorry for the frustration. We'll authorise the gift card for $1.00 when the order is placed. To ensure the order can be charged when it's shipped, make sure your order total is at least $1.00 less than the total value of the gift card. ^MB",refund_payment,Acceptable,ESCALATE,Customer reports payment authorization/card decline issue.
951966,"Really disappointed in @115821 ""prime"" shipping. It appears to mean ""maybe 2 days, maybe a week"" whatever the website said.",@345836 I'm so sorry for the delay! Who is the carrier? Does their site show more detail into what happened? ^AM,prime,Acceptable,ESCALATE,Complaint specifically concerns Prime shipping expectations.
923917,J etais une bonne cliente j achetais tres regulierement mais la c est trop,@339250 Je suis navrée pour le souci. Est-ce que le lisseur est expédié par Amazon ou par un vendeur tiers? ^SM,customer_service,Poor,ESCALATE,Customer expresses dissatisfaction without a specific issue.
1632475,Customer service was not sure that it would be and I'm responsible for follow up,@499531 Who's the carrier assigned to the delivery: https://t.co/Y5jpI9gRhE? ^AB,customer_service,Poor,ESCALATE,Customer complains about lack of clear support/resolution.
2385481,I'll try it out thanks,@687525 Great 😁 You two have a nice weekend. Take care ^CR,other,Good,AUTO_HANDLE,Customer acknowledges the response positively.
789697,Frgt abt email today is day4 where the hell is my stupid order oh god m tired n frustrated with you all @115821,@297517 Could you please check and confirm if you've received any correspondence from our side here: https://t.co/NTkrxpsbHJ ? ^AB,other,Poor,ESCALATE,Customer is frustrated because an order has not arrived.
577774,why are you making false commitment again and again now you have given new time not date for delivering. you have not already fulfill your yesterday commitment how can i trust you ????????? i think am i not talking to brand like amazon . i have attached both the screenshot https://t.co/Xui3BOaDFB,"@227488 Please don't provide your order details, we consider it to be personal information. Our page is visible to the public. 2/2 ^BV",delivery,Poor,ESCALATE,Customer reports repeated missed delivery commitments.
1278084,"Livraison en point Relais. La seule solution proposé par votre support étant le remboursement, après autant d'attente. Impressionnant!!!",@419100 Navrée pour cela. S'agit-il d'un article vendu par Amazon ou par un vendeur tiers s'il vous plaît? ^SA,refund_payment,Poor,ESCALATE,Customer reports delivery issue where refund was offered after waiting.
2478819,Réalisé hier ds la foulée de notre échange 🤔,"@696270 Nous n'avons rien reçu, pourriez-vous le remplir à nouveau je vous prie. ^BR",customer_service,Acceptable,ESCALATE,Customer refers to an action already completed and needs support follow-up.
1223169,Necesito Ayuda! Por bloqueo de cuenta!,"@407004 Hola, lamento saber que se presentó este inconveniente. ¿Has recibido un correo con instrucciones para recuperar tu cuenta? ^DA",account_login,Good,ESCALATE,Customer needs help because their account is blocked.
322628,@115850 I am really disappointed with your services. i will not buy and will not recommend for my friends and family as i lost trust onyourService,@191896 I'm sorry for any trouble. Could you please elaborate so that we can assist you accordingly in the best possible way? ^RW,customer_service,Poor,ESCALATE,Strong general complaint about Amazon service.
105080,Hatte bereits am Mittwoch ein Gespräch... keiner konnte mir bisher sagen warum ich (Prime Kunde) etwas per premiumversand bestelle das per Post rausgeht und nicht als kleines Priorität Päckchen versendet wird,"@139214 Damit du deine Lieferung noch bekommst, melde dich bitte über den Link. Liebe Grüße ^TA",prime,Acceptable,ESCALATE,Prime customer questions premium shipping/delivery handling.
2302219,I have an item that still hasn't arrived. It was due on 10/21. The item shows that it still hasn't arrived but the only option I see on the site is to return it. I can't return something I haven't received.,@606425 I'm sorry you haven't received your item yet. Was the item shipped by Amazon or one of the sellers on our site: https://t.co/Y5jpI9gRhE ? ^JF,delivery,Acceptable,ESCALATE,Item has not arrived despite being past its delivery date.
1763195,live chat failed and call back not appeared. Been waiting 3 months for refund for box of broken glass that was sold as a lamp,@530477 I'm very sorry for the frustration! We'd like to help! Could you tell us more details about what's going on? ^HM,customer_service,Acceptable,ESCALATE,Customer has an unresolved concern and needs more details/support.
709986,"Entonces decidimos cada uno crear su cuenta y esta quedo bloqueada y en teoría borrada, pero hoy me ha llegado un cobro de 92 euros",@289771 Por favor contacta nuestro Servicio al Cliente en este enlace: https://t.co/lKuwEYa0UF  ^JJ,account_login,Poor,ESCALATE,Account was blocked/deleted but customer received an unexpected charge.
481515,"Have done that already, but no response. Just started with #AmazonPrime and it doesn't look good.","@229455 Just to check, could you confirm whether you have an account with https://t.co/nUUp5MLhYl or Amazon.in? ^MD",prime,Acceptable,ESCALATE,Prime customer has already contacted support but has not received a response.
2987277,I am chatting with someone now on Amazon. I will reach back out to you if I can't get this resolved.,"@823677 Great, we will await your response. ^CR",customer_service,Good,AUTO_HANDLE,Customer is already receiving support and will follow up if unresolved.
2676420,Only 1st month emi should be charged in my bill,@753302 I understand your concern. I request you to please contact the respective bank so that they can assist you better. ^BV,refund_payment,Acceptable,ESCALATE,Customer disputes the EMI amount charged to the bill
2680330,"Ich denke nicht, dass es jetzt an den Feiertagen geliefert wird, oder? Hätte eig. gestern kommen sollen. :/ https://t.co/GsUhuaUSVG",@450790 Am Feiertag wird tatsächlich nicht zugestellt. Daher würde ich dich gerne bis morgen um Geduld bitten. Danke und Gruß ^NW,delivery,Acceptable,ESCALATE,Customer expected delivery yesterday and is concerned about holiday delay.
639621,Nope. It said they couldn’t locate my address despite living here 20 years and having other deliveries regularly. Fuming,"@271717 We'd like to look into this with you. Please reach us here, so we can look into our available options: https://t.co/JzP7hlA23B ^AG",delivery,Acceptable,ESCALATE,Delivery failed because the carrier could not locate the address.
2291500,But why I use a repaired phone i have paid full payment to you.,@665528 You have to escalate the concern with the manufacturer for the best resolution on it. ^RW,product_issue,Acceptable,ESCALATE,Customer received/was given a repaired phone despite paying full price.
535058,Yes for the fat lot of good it has done me!,@222196 What did we advise when you spoke to us?^PJ,customer_service,Poor,ESCALATE,Customer expresses dissatisfaction with the support outcome.
1916363,Et un lancement est prévu un jour en France ?,@570801 Bonne question! Nous ne manquerons pas de remonter cela. ^ASZ,product_issue,Good,AUTO_HANDLE,Customer asks whether a product launch is planned in France.
1670667,my kindle app will no longer allow me to recommend the books I read. Is there a fix?,@508570 Sorry to hear Ronnie. Please get in touch - https://t.co/hApLpMlfHN a member of our digital team will be happy to help. ^TP,product_issue,Acceptable,ESCALATE,Customer reports a Kindle app functionality problem.
530799,amazon told me a fraudulent purchase on my account had been cancelled but my money has now left my bank account - would like this resolved quickly?,@242941 Sorry to hear that. Please reach out to us here: https://t.co/JzP7hlRCV9 via phone or Live Chat and we can look in to this for you.^TI,refund_payment,Poor,ESCALATE,Customer reports money taken after a fraudulent purchase was cancelled.
537427,"I think Black Friday/Cyber Monday broke My subscribe &amp; save items were stuck in perpetual “shipping soon, delivery today” and are now “shipping today, arriving Dec 1st”. Some glitch but now no one knows when they’ll be here. 🧐",@244579 So sorry to hear about the issues with your order! Have you already contacted us directly here?  https://t.co/Q7Ftz6nj80 ^GS,delivery,Acceptable,ESCALATE,Subscribe & Save orders have conflicting shipping and delivery status.
2883445,"Bonjour, un abonnement couche Pampers devait être livré le 24/11 et n'est apparemment pas encore expédié. Peut-on en savoir plus ?","@799934 Bonjour, Je suis désolé. Contactez s'il vous plaît notre service client pour qu'ils vous aident via https://t.co/hgIrz98cdI",delivery,Acceptable,ESCALATE,Customer's scheduled delivery has not shipped.
825485,hello I ordered something over a month ago unknowingly from a merchant and never received it &amp; the merchant has terrible reviews,@316607 We're sorry for the trouble you've had! Have you contacted this third-party seller to obtain any info about your order status? ^WM,order,Poor,ESCALATE,Customer has not received an order from a third-party merchant after a month.
1381482,"I do not agree with your statement, offline retailer helps the buyer to resolve these issues. You need to put in a word to Micromax. I will be going to consumer court and your company will be made part of the complain.",@441542 here:https://t.co/gYYDFKUNPY Appreciate your understanding in this matter. 3/3 ^EM,product_issue,Poor,ESCALATE,Customer has a product-related complaint and threatens consumer court action.
420940,Should i wait till 10 pm estimated delivery time is 8 pm but not received by 8 pm not happy with service provided by @115850,@191024 I've shared your feedback with the concerned team for review. ^HA,delivery,Acceptable,ESCALATE,Delivery has not arrived by the estimated time.
1255409,Ainda não mas mal posso esperar! Parabéns pelo serviço show ♥️,@414363 Obrigada pelo carinho 💕 Boa leitura! ^VL,other,Good,AUTO_HANDLE,ositive message with no support issue.
919419,I have already replied to Gowtham from your social media team. Please check your email.,@338251 Thanks foe keeping us posted. We'll revert to you shortly. ^MS,customer_service,Good,ESCALATE,Customer has already responded to support and asks the team to check email.
1059289,"Bonsoir, je ne pensais pas avoir la chance de trouver un tapis de bain pour seulement 0.01€.","@370099 🙄!Pourriez-vous m'indiquer le lien vers l'article, je vous prie?^FT",other,Good,AUTO_HANDLE,Customer makes a positive/commentary statement without a support issue.
1022752,"I m sorry-i m sorry, you just can’t repeat it everyday, whre is d solution, it was supposed to be delivered on Thursday. @115850","@332948 I get you being upset, Praveen. We'd like to get this sorted out, please revert to the email you've received from us. ^MS",delivery,Acceptable,ESCALATE,Customer is frustrated about a missed promised delivery.
502533,"On previous returns I've been provided with an Authorization Label which must go inside the box. On this occasion, I only got a label for the outside of the box.","@157101 How odd! We're unable to review order details over Twitter, but we'd like to investigate this with you. Whenever you've got some time, feel free to reach us directly here: https://t.co/JzP7hlA23B",return,Poor,ESCALATE,Customer is missing the required return authorization label.
667004,"@115851 - Technical Support Rep, Grey just crushed my Echo issue! AWESOME Customer service! #Resolved BTW: #CLTisPrime","@278942 That's what we like to hear! Thanks for letting us help you today, and thanks for choosing Amazon! ^WT",customer_service,Good,AUTO_HANDLE,Customer confirms the support issue was successfully resolved.
2339100,I am an individual seller. Sold a mobile. Payment pending for many days. See that it should have been done on 18th itself. Still no show.,@294240 Sorry for the trouble. Please provide your details here: https://t.co/beaaDm0muc We will look into it and assist further. ^GU,refund_payment,Acceptable,ESCALATE,Seller reports a payment that has remained pending.
246369,Tbh this is the 2nd time this has happened I'm not very happy why put a release date when you don't have the stock,@174522 What is the delivery date of the Vinyl advised?: https://t.co/aaDyEz1VgE ^PK,product_issue,Poor,ESCALATE,Customer complains about product availability and misleading release timing.
788630,Yeah. My Amazon Echo ships early November. I can't wait 😐,"@176386 Haha! We can't wait too, Eashwar! Don't forget to tell us how you like the device once you receive it. ^JC",other,Good,AUTO_HANDLE,Customer is simply commenting positively about an upcoming shipment.
1011471,Done. Will wait for your call,"@359320 I get your concern, Hiren. We've received your details and we'll reach out to you with an update at earliest. ^SV",customer_service,Good,AUTO_HANDLE,Customer has completed the requested action and is waiting for follow-up.
2923438,Pl update the website..,"@809006 Hey, the results shall be updated on the website shortly. Stay tuned for future updates! ^AB",customer_service,Acceptable,AUTO_HANDLE,Customer requests a website update.
460099,"Ugh yeah, y'all missed the ""guaranteed delivery date""... And no new delivery date.",@224326 Thanks for the update. What does the most recent tracking information state here: https://t.co/q4LAMZ3tbE? ^GG,delivery,Poor,ESCALATE,Guaranteed delivery date was missed with no replacement date.
2966386,"I returned an item and you received it yesterday and it is still not processed so I wanted to check and see what is going on, however the person from the customer support was not able to understand my question AT ALL!","@818378 Kiril, I'm sorry to hear that you weren't able to get any clarify about your refund/return. Returns can take up to two weeks to process. To learn more, click here: 
https://t.co/g6yZ1oJDKu

To check the status of your refund: https://t.co/2KnvM4eAYj. ^SY",return,Acceptable,ESCALATE,Returned item has been received but not yet processed.
2946797,Tô levando um pra ler no intervalo do trabalho 😁,"@813920 Ficamos curiosos Camila, qual deles escolheu? 😱 ^AZ",other,Good,AUTO_HANDLE,Casual positive comment with no customer support issue.
2821084,@115821 Can https://t.co/l4KEtoU9Lh deny me access to my inventory? They are doing it! https://t.co/AR9HYQXAcU https://t.co/47BsUJRCsR,@347097 Please reach out to seller support as we do not have access to account details here on Twitter I'm afraid - https://t.co/vsSnN0yboP ^KM,account_login,Acceptable,ESCALATE,Customer reports being denied access to inventory/account resources.
54387,Não estou conseguindo sincronizar os livros que baixei pelo serviço Unlimited no meu aparelho. Aparece uma mensagem de que está pendente,@128311 Olá Thalyta! Sinto muito em saber do inconveniente! Por gentileza acesse o seguinte link: https://t.co/GnA4dCmKdN   ^JJ,product_issue,Acceptable,ESCALATE,Kindle Unlimited books are not synchronizing correctly.
962101,😳😳 sense of humour is missing@,"@348292 All the best for the results, Saurabh. ^KS",other,Good,AUTO_HANDLE,Casual comment without a support issue.
2111054,@115850 is applying predatory practices. No option to write product review for @121284 . Quite a master stroke!,"@509289 At this point in time, Alexa is available only through invites. You could use our companion app to share the feedback until this device is available for purchase without invites. For further information you may us this link: https://t.co/fRPORLKTaG. ^AM",product_issue,Poor,ESCALATE,Customer reports inability to write a product review and raises a serious complaint.
369128,"What’s the reply eta, and what’s this link to the convo it’s requesting","@176815 Hello! The requested URL to Twitter message is the link to the current conversation here on Twitter. You can right-click on the time stamp and select “Copy Link Location” or “Copy Shortcut”, then right-click in the field below and select “Paste”. ^NS",customer_service,Acceptable,AUTO_HANDLE,Customer asks for clarification about the support conversation link and response time.
1108152,Il est marqué “retour en cours” Sachez que dans le sms de réception de Chronopost j’avais jusqu’au 10/11 pour le récupérer !,"@381540 Afin de vérifier votre dossier, je vous prie de remplir le formulaire suivant via un PC : https://t.co/HtUowg2UGX ^MA",return,Acceptable,ESCALATE,Customer has a return/collection status issue involving a pickup deadline.
644055,2 days timeline mentioned by you in email is now over but still no action and reply by you,"@272885 Apologies, kindly reply to our E-mail correspondence, we'll look into it and get back to you at the earliest. ^MO",customer_service,Poor,ESCALATE,Promised support timeline has passed without action or response.
1258204,Haven’t heard back yet,@414826 You may select phone or chat for a faster response. ^AT,customer_service,Acceptable,ESCALATE,Customer has not received a support response.
2773069,"J'ai vu avec eux, merci 😁","@383095 Merci à vous, bonne soirée ! :) ^AR",other,Good,AUTO_HANDLE,Customer confirms they have handled the matter and thanks support.
2296817,When are you going to have the Stranger Things monopoly in stock on the UK site???,"@140838 Hey Charlotte- Any updates will first be advertised on site, keep an eye out for updates. ^NV",refund_payment,Poor,ESCALATE,Customer wants money credited and is unhappy with repeated standard replies.
779989,Sir/madam I have order a charger on 7th of this month and yesterday was its delivery date. But it didn't reached me.,"@169609 I'm sorry for the delay. Please contact us via: 
https://t.co/2t6DQpbXFx so that our team can help you right away. ^PR",other,Good,AUTO_HANDLE,Customer confirms the issue is completed.
1736,Two fake items in one day. Time to cancel my Amazon Prime membership.,@116091 Oh no! I'm so sorry to hear this. Was the item sold by Amazon directly or Third-party seller: https://t.co/aaDyEz1VgE. ^LH,customer_service,Good,ESCALATE,Customer has provided details and is waiting for support contact.
375832,"Original delivery date WAS Oct 8. Carrier was/is AMZL US (no idea who that is, but that's what my account stated)",@205132 What's the current status of the tracking: https://t.co/Y5jpI9gRhE? Have you been given a new delivery date? ^JJ,customer_service,Poor,ESCALATE,Direct complaint about customer service.
77578,"You see, it's not just the thrill and the throttle for me. It's the storytelling and the cliffhangers that make it, it. And not sure what the form was about, but filled it nevertheless... https://t.co/Hyexcr1JPZ",@132975 I feel yahh!! The wait still continues!! Thank you keeping us posted. ^BV,customer_service,Acceptable,ESCALATE,Customer is frustrated about needing repeated follow-up.
1763250,All orders showed delivery for the next day but so far all 4 orders have not arrived then.,@511641 We'd like to look into this further with you. Please reach out to us for available options: https://t.co/JzP7hlA23B ^JP,product_issue,Acceptable,ESCALATE,Customer tried troubleshooting but the service still does not work.
1243773,It’s saying it’s supposed to ship today to get here Friday (I have prime with the 2 day shipping) is it just going out later tonight?,"@411798 We'll email you with a tracking number as soon as the item has been shipped. Keep an eye on your email, we'll be in touch! ^RM",customer_service,Poor,ESCALATE,Seller is dissatisfied with unresolved seller support.
1547265,Once again AMAZON PRIME FAILS to deliver the next day #wortlessguarantee,@402789 So sorry about the delay. We do aim to deliver by the delivery date given at the time the order was placed. ^KM,refund_payment,Poor,ESCALATE,Customer explicitly requests money back.
1922800,@115821 ￼ I am unable to connect customer care on its number. How can I talk to receive duplicate bill.,"@572401 That is unsusual, Kamal. Did you try reaching out to us via: https://t.co/JI6wnUFaHE ? ^KS",delivery,Poor,ESCALATE,Paid delivery commitment was not attempted
803979,Already checked no reason given by you,@311606 Sorry about that! Kindly connect with us here:https://t.co/vlvfJr4nN9 and we'll get this checked for you. ^PB,prime,Acceptable,ESCALATE,Prime customer reports a missed promised delivery.
1461601,J'ai annulé m'a commande avant d'en repasser une sur ce produit mois cher. ENFAITE CE N'EST PAS LE MÊME ! ;u;,"@206727 Je suis désolée, mais nous sommes dans l'impossibilité de le faire, merci pour votre compréhension.^FT",customer_service,Acceptable,ESCALATE,Customer has already provided requested information and needs follow-up.
1887330,I have tolded to your customers service there is Akshat supervisor who was not properly to me . He was saying it's notourconcern,"@353737 Sorry about that, Zeshan. We're looking into this and we'll reach out to you soon with an update. ^HK",delivery,Good,AUTO_HANDLE,Customer asks about providing the package tracking number.
413987,Still awaiting for the revert. The order on my account even shows undelivered and is in dispatched state..what's going on?,"@200856 Apologies for the experience, Kunal. Please reach us from here: https://t.co/rS49hgaADF we'll look into this and assist you. ^SV",customer_service,Poor,ESCALATE,Customer expresses frustration with support interaction.
2950826,"I have written a LONG Story on the link, please solve my problem at the earliest!!",@814865 Thanks for the confirmation. We'll check the details and will get back to you with an update soon. Appreciate your understanding. ^SD,order,Poor,ESCALATE,Pre-ordered item is unavailable and customer wants an alternative.
2349524,Can u give a definite time frame rather than earliest etc?,"@679139 As you have shared your details using secured link, our team is working on the issue. You'll be receiving a correspondence within 12 hours. ^RI",delivery,Acceptable,ESCALATE,Customer indicates a delivery-status issue.
2355242,numerous times now your delivery drivers are refusing to acknowledge &amp; use my safe place.Have complained &amp; they insist on not leaving items where i have stated.why?.,@321577 I'm sorry to hear about this issue with your deliveries. Has this occurred with one carrier or multiple carriers: https://t.co/aaDyEz1VgE ^DO,product_issue,Acceptable,ESCALATE,Customer complains about packaging/fulfilment.
126360,Still it showing 22nd Nov. And I did not find any help. I want my mobile.. https://t.co/aSv1p5CI8q,@144362 Apologies for the delay. Have you reported this to our support team here: https://t.co/vlvfJr4nN9? ^RB,refund_payment,Acceptable,ESCALATE,Customer reports a card/payment authorization discrepancy.
2719397,I was told someone would respond yesterday and apparently they saw someone was on it,"@149467 Hi Sophie, sorry to hear that. Without revealing any personal information, could you tell me a bit more about the issue you are having? ^TI",product_issue,Acceptable,ESCALATE,Amazon app is not loading on the TV.
2581903,So who is gonna tell me where my parcel is? @126705 / https://t.co/f5tp6pqhYg,@731738 I am sorry about the frustration! Can you give us more information here so we can look further into this please?  https://t.co/JzP7hlA23B ^DJ,delivery,Acceptable,ESCALATE,Customer reports unexplained changes to delivery dates.
2910304,"Given the invisibility of an actual customer service email, some kind of response would be nice @115830 - Not least the self-interest that someone appears to have sold them a whole load of £5 plastic as £25 ceramic.... https://t.co/FR0OCRi7Jz",@488285 I'm sorry for the wait! Can you please link us to the product detail page? We'd like to take a second look. ^JM,product_issue,Acceptable,ESCALATE,Customer reports a browser/security certificate error.
1041656,All I have is this. TBA555846473000,@366348 We would like to take a closer look into this with you. Please fill out your details here: https://t.co/7lowXyvclf and someone from my team will be in touch with you. ^AY,prime,Good,AUTO_HANDLE,Customer asks about Prime trial duration and account usage.
162039,Et si je souhaite arrêter amazon prime ?,"@136284 Vous pouvez annuler l'abonnement Prime via le lien suivant : https://t.co/b35Z1xCrAj
^MD",prime,Poor,ESCALATE,Prime customer reports failed delivery support and missed package.
2706308,@115828 I preordered Call of Duty WW2 but didn’t get my preorder bonus. Pls help. @115821,@608727 I'm sorry. We can't view account or order info via Twitter. Allow us to look into this further by using this link: https://t.co/hApLpMlfHN ^DO,prime,Poor,ESCALATE,Prime guaranteed delivery was missed.
2795293,"Lo que pedí,no hubo ningún problema obviamente💪👍",@780030 ¡Nos alegra saber que has recibido tu pedido sin problema! Si en el futuro requieres nuestra asistencia quedamos a tu disposición. ¡Saludos! ^PC,customer_service,Acceptable,ESCALATE,Customer checked email folders but has not received expected communication.
619097,"U don’t mean a bit of wat u write.. so don’t put up an act if there ws genuine intention to resolve, the simplest way wld hav been to credit INR 298 to my amazon wallet Instead ur team is busy sending standard reply to my emails not wanting to resolve issue",@197812 Please reply to the email which was sent to you earlier. We would certainly look into this. ^MD,product_issue,Good,AUTO_HANDLE,Customer clarifies which product version they mean.
2444000,Great thank you! All done.,@250463 You are welcome! Glad we could help! ^TR,delivery,Poor,ESCALATE,Delivery failed despite successful previous deliveries to the same location.
797440,Done..you may call me now if you want..,@310131 We'll get back to you soon with an update as the details are shared. Appreciate your understanding. ^BS,prime,Good,AUTO_HANDLE,Customer resolved the delivery issue but complains about Prime delay.
318805,very poor customer service 😡,@190898 My apologies for the ill experience. We're following up with your concern via DM. ^HA,delivery,Acceptable,ESCALATE,Customer replied to email but still has no delivery update.
814356,I hope I don’t have to comment back on same thread again.,"@313951 I understand your concern, Vikram. We'll get back to you soon. Appreciate your patience and understanding. ^HD",customer_service,Good,AUTO_HANDLE,Customer asks where they will receive an update.
1716707,"Hi, that was the first thing I did since I wanted to watch programs on my PC instead of my phone. Done everything listed but to no avail :(",@519852 We'd like to look into this with you in real-time. Please reach us here: https://t.co/JzP7hlA23B ^AG,delivery,Poor,ESCALATE,Customer wants a clear delivery date.
2599540,I have been writing. I know that there will be no resolution. Your inefficient seller support will never do anything favorable for sellers. #HearUsAmazon,@735913 I'm sorry for the trouble. Kindly reach out to our seller support team here:https://t.co/hITbmQzz2y as they'd be the best team to help you with this. Appreciate your understanding. ^EM,product_issue,Good,AUTO_HANDLE,Customer is directed to eligible Trade-In items.
384519,"This is ridiculous, I want my money back, I do not wish to make any purchase on Amazon.😞😞😞",@207043 that we can assist you accordingly. (2/2) ^MO,order,Acceptable,ESCALATE,Customer is identifying the third-party seller associated with an order.
341288,"Uh no. Not g0nna pay for a delivery on a certain day and not even have it ""attempted""","@197440 I understand the concern. If you'd like to discuss other options, feel free to contact us here: https://t.co/hApLpMlfHN ^BH",order,Good,AUTO_HANDLE,Customer confirms the order was placed.
1860091,"placed a order on Monday, Amazon prime customer, told it would be delivered yesterday, it didn’t arrive. https://t.co/msXv48kPgk",@556076 Sorry about that! It's rare by delays can happen. Hopefully it would be out for delivery today.^CD,refund_payment,Poor,ESCALATE,Customer disputes an incomplete refund amount.
1212691,I have already provided my details on the given link,@404627 Could you confirm receiving an email from our team here: https://t.co/NTkrxpsbHJ ? ^KA,delivery,Poor,ESCALATE,Customer complains about repeated late and unsafe deliveries.
2962660,Vous voulez le numéro du colis ?,@817520 Vous pouvez nous envoyer le numéro de suivi (par DM de préférence). ^MH,delivery,Acceptable,ESCALATE,Customer asks about a pending delivery/date
2756089,Were you just asking for the sake of asking? #SameSame,"@771384 We'd like a chance to look into this with you, submit carrier feedback on your behalf, and review our available options. Please reach out to us by phone or chat here: https://t.co/hApLpMlfHN ^WT",customer_service,Poor,ESCALATE,Customer demands a clear resolution timeline.
2078452,I am Frustrated. I pre-ordered @74818 physical PC copy in 2016. Not avail... tried to change to digital and taking 1-2 Days,@614719 I'm sorry! Is this the item you're referring to: https://t.co/ErvqlYLstG? Was a refund issued for the physical copy? ^SB,customer_service,Good,AUTO_HANDLE,Customer asks about the channel for receiving updates.
1095848,It says it was delivered yesterday.,@378604 Oh no! Here's some info on what to do when a package is marked delivered but you haven't received it: https://t.co/M0zQJam0gV ^CN,delivery,Poor,ESCALATE,Customer wants a definite delivery date rather than generic information.
797485,Que la commande serait envoyée dans un carton et non une enveloppe craft...,"@310136 Je comprends parfaitement votre frustration, nous ne manquerons pas de remonter cet incident et désolée encore une fois ^FT",return,Acceptable,ESCALATE,Returned item has been received but processing is delayed.
2312710,That would happen if AMEX was charged but it never was. I just got off the phone with a amazon rep and she said there is no authorization,@333030 Have you been able to contact your card's bank to see when the points will refresh and show up on your Amazon account? ^FR,product_issue,Acceptable,ESCALATE,Kindle Unlimited books are not syncing to the device.
416733,"hello! I'm using a Samsung TV all other apps work but amazon doesn't load. Tried to refresh internet, no luck!",@214417 If you get in touch we'll see if we can go through some trouble-shooting: https://t.co/JzP7hlA23B. ^BM,account_login,Acceptable,ESCALATE,Customer reports loss of access to inventory.
2388940,No it just changes the dates! No reason,"@688279 Hi, apologies for any disappointment, delays should be rare. Please keep us posted on your next deliveries &amp; let us know if there are issues. ^TS",customer_service,Good,AUTO_HANDLE,Customer completed the requested step and is waiting for contact.
1095957,@378626 j ai exactement le même problème avec seul Firefox 56 en allant sur amazon.de et/ou .fr SEC_ERROR_OCSP_INVALID_SIGNING_CERT,@378627 Désolée pour cela. Pouvez-vous vérifier avec un autre navigateur SVP? ^SM,customer_service,Acceptable,AUTO_HANDLE,Customer requests a website update.
1271553,"yeah, i did. how long will the trial last? and can i sign out and have my mother sign in with different info since we share an amazon prime membership already",@221898 The Prime trial lasts 30-days from the day you sign up. You are able to sign out and have another account sign in! Please let us know if you have any other questions! We are here to help! ^AD,delivery,Poor,ESCALATE,Guaranteed delivery date was missed with no new date.
457718,They said that they were not able to do anything as they cannot call the drivers or contact them so they forwarded my message to some department which we both know will never fix anything. I am very disappointed as I needed my package today which is why I have prime!!!,@223699 Thank you for the information. Can you confirm for us the carrier that was set to deliver the order here: https://t.co/q4LAMZ3tbE? ^GG,return,Acceptable,ESCALATE,Return has been received but not processed.
379805,"What is the point of Amazon Prime!? I ordered something yesterday, it GUARANTEED it'd be here today. Now it's saying tomorrow.","@206103 Hi, sorry to hear that, is there more info about the delay available in the tracking: https://t.co/aaDyEz1VgE? ^JJ",other,Good,AUTO_HANDLE,Casual positive comment with no support issue.
449936,Hiya. Yeah I have checked spam/junk and nothing there,"@221642 Thanks for checking, Carl. Please get in touch with us here: https://t.co/zH8UlhTGcc &amp; we'll check for an update for you. ^TS",account_login,Acceptable,ESCALATE,Customer reports access being denied.
42492,Just the standard one! https://t.co/N0Z5up8AEu,"@125389 Thanks for the info! Per the product description, it does state that this version comes with one of five poster designs. ^AL",product_issue,Acceptable,ESCALATE,Digital book synchronization is not working.
1073770,..My order was not delivered citing reasons location could not be tracked..You have delivered more than 100 orders to me,@373357 here: https://t.co/GIJyeYqKE0 and I'll look into this for you. (2/2)^SQ,product_issue,Good,AUTO_HANDLE,Customer is asking/being guided about Trade-In eligibility.
230068,"C'est bon, vu avec colis privé, mais pas cool ce retard...surtout avec l'abonnement prime. Bonne journée","@170819 Entendu, je vous réitère mes excuses à ce sujet. Nous restons à disposition en cas de besoin ^KD",order,Acceptable,ESCALATE,Customer identifies the seller for an order.
1594648,"Ok, I got an email, replied &amp; I still have no answer as to when I will get my package. I don't want to shop with Amazon again.",@490013 When did you send the email? What is the latest update on the tracking?^CD,order,Good,AUTO_HANDLE,Customer confirms an order was placed.
637314,"Thank you for clarifying. It was sold and shipped by Amazon, so that answers it. I just wanted to make sure I wouldn't have to eat a chunk of the cost before I opened the box. This is the first time I've had packing problems from Amazon so I didn't know what to expect. Thank you.","@271114 Of course! Let us know if you need any further help. We're here for you! Also, we're always looking for new ways to improve. If you'd like, please help us by sharing your packaging experience with us here: https://t.co/XuxSAQZ66E. Thanks in adavance! ^KJ",refund_payment,Poor,ESCALATE,Refund amount does not match the product price.
1689448,"Ordered USB cable for delivery today, now saying I'll get it b/t Dec 27th &amp; Feb 8th. That's fairly useless. What's going on?",@316653 Oh my! I'm sorry for the wait! Was this item sold by us or by one of our sellers? https://t.co/Y5jpI9gRhE ^MH,delivery,Poor,ESCALATE,Customer reports repeated delivery failures and delays.
2392618,"I already tried to cancel it; I got an email telling me it couldn't be done. I'm confused as to why, since it was not a third party listing, it was 100% amazon according to the order details.",@688997 It may be that it is too far in the dispatch process to be cancelled? ^MC,delivery,Acceptable,ESCALATE,Customer requests clarification about a pending date.
2558513,Amazon looted our hard earned money. Investigation team doing nothing instead of assistance they denying for every needed resolution,@726322 We've responded to your concern here: https://t.co/HKzixI2411 Do keep us posted for any further assistance. ^BA,delivery,Poor,ESCALATE,Customer is demanding a definite delivery/resolution date.
545804,None of these options allow me to cancel the order due to delivery failure by @115817. I will dispute the charges via the the credit card company instead.,"@246893 Since your order has shipped, you won't have the option to cancel the order. We can however, look into return options with you at the link provided. You can also refuse the shipment when a delivery attempt is made. ^VS",customer_service,Good,AUTO_HANDLE,Customer asks how they will receive an update.
342947,Gracias por su atención,"@155891 Con mucho gusto, recuerda que estamos a tu disposición siempre que lo necesites. ^HC",customer_service,Poor,ESCALATE,Customer is dissatisfied with unclear automated communication.
1718681,J ai tenté de contacter Colis Privé ... c est dommage d acheter sur Amazon avec une garantie de livraison le jour de la sortie ... et,@520360 Le mieux serait de le signaler à l'équipe en charge via ce lien  https://t.co/hgIrz98cdI ^SN,return,Acceptable,ESCALATE,Return processing is delayed.
1119134,"Heights of support. Tollfree never works it says, if you have any issues use our app #nolivechat #callsupport #pathetic #lost https://t.co/Bi8TnffsDa","@384053 Apologiess. Have we missed the estimated date? You can check it here: https://t.co/pYHdlcj0Ot, keep us posted. ^HR",product_issue,Acceptable,ESCALATE,Kindle Unlimited content is not synchronizing.
1105062,3 days over my problem not resolved,@324801 Could you please confirm if you've contacted us from the link given earlier by 'SH'? ^ZH,customer_service,Poor,ESCALATE,Problem remains unresolved after three days.
2862056,"Yes, I know how to track my own order. It says arriving today by 8pm (2 hours from now). No delay notification. There is no tracking or carrier *because it hasn't shipped*, as I previously stated. Your prior tweets say to rely on the delivery date at checkout, which is today.",@795075 I'm sorry for any concern this has caused. Some items can ship and deliver the same day. Please let us know if you don't receive your order by 8pm. ^SG,delivery,Poor,ESCALATE,Order has not shipped despite today's promised delivery date.
338589,do you plan on a better system for shipping? My UPS guy always comes when I am not there &amp; every Amazon locker I select is full.,@196826 I'm so sorry for the troubling experience. Is this regarding a current order shown here: https://t.co/Y5jpI9gRhE? ^AG,delivery,Acceptable,ESCALATE,Customer has repeated delivery and locker availability problems.
2956990,I have called customer service three times and nobody can give me any information at all,@816246 I understand your concern. We are here to help!  Packages can arrive as late as 21:00. Please keep us updated on the arrival. ^SC,customer_service,Poor,ESCALATE,Customer received no useful information after multiple calls.
2886610,@121294 Today I had visited lg's service center related to my phone's battery issue and they had said that the battery is not new and they refused to change it for free I don't know who is responsible amazon or LG but i want it to be replaced to free or ill sue.,"@658579 I apologize for the experience you had, Naved.  Allow our support team to look into this. You can connect with us here: https://t.co/R3EfhzgU8B ^NK",product_issue,Poor,ESCALATE,Customer reports a defective or previously used phone battery and requests replacement.
2945538,When I was shopping for the item (on Monday) it said have this item by 11/29. After order completion it gave me a date of Dec1. 🤔,@813627 So sorry for the delay! Some items can take a little longer to process than others. Two-day shipping is 2 business days after the item has been dispatched. Your email confirmation is has the best delivery estimate. ^AD,delivery,Acceptable,ESCALATE,Delivery estimate changed after the order was placed.
429002,I don't wanna fill again it's final first refund and compensation than return got it @115851,"@158494 Sorry for the disappointment. Please revert to the email you've received from our team or re-submit the details, we'll get back. ^KA",return,Poor,ESCALATE,"Customer disputes having to repeat information and refers to refund, compensation and return."
2868330,And all this after begging and pleading to approx. 10 of your executives to help me in an urgency. Wow! I am sure nobody must have even noted why I was persisting so much for an early delivery - especially when I had paid for an early delivery.,"@543168 I can understand how upsetting it can be when an order is delayed. However, as informed earlier the replacement products will be delivered using standard shipping speed. So I request you to wait until the estimated time frame. ^SC",delivery,Poor,ESCALATE,Customer paid for early delivery but still experienced a delay despite repeated support contacts.
1823891,"I give in - second consecutive order Amazon has screwed up, I've spent time trying to fix, then Amazon's failed to do what it said it would.","@134059 I'm sorry to hear we didn't meet your expectations. Without giving account &amp; personal info, can give info about the situation? ^MW",order,Poor,ESCALATE,Customer reports repeated order problems and failed resolution.
2767593,Et aussitôt racheté une coque à la bonne taille 😊,@668416 Bonne reception 😉,product_issue,Good,AUTO_HANDLE,Customer says they bought the correctly sized replacement and appears satisfied.
2418084,Twice. The packages are in order from left to right. The third wasn't as bad but was still damaged from poor protection.,@694839 Have you spoken with our real-time customer support to see if they have any other options available? ^MJ,product_issue,Poor,ESCALATE,Customer reports multiple packages/items damaged due to poor protection.
2139345,After 4 calls to amazon I have no hope that I will receive a call back. Please start investigation immediately. General sale tomorrow,@629144 Pls fill out this secure form Sian and a specialist will look into this for you https://t.co/tkLCr7DNil ^KM,customer_service,Poor,ESCALATE,Multiple support calls have not resulted in a callback and customer requests investigation.
806327,Yeah my package was suppose to arrive yesterday by 9pm now it says it might not come until tomorrow,"@312151 Sometimes delays can happen, but we want to make sure you receive your order! Let us know if it doesn't arrive by tomorrow! ^ME",delivery,Acceptable,ESCALATE,Package missed the expected delivery time and was delayed to tomorrow.
1278142,"AMZL . As in, AMaZinglyLate.",@419110 We'd like to look into this with you. Please provide your contact info here: https://t.co/PjBwzSoQSC &amp; we'll be in touch. ^LB,delivery,Poor,ESCALATE,Customer complains about late delivery service.
437980,vous avez intérêt à m'en réexpédier un autre pcq vu l'état le disque dur il tiendra pas 1 an,"@219048 Bonjour, désolée d'apprendre cela :/ le mieux serait de contacter notre SAV via ce lien  https://t.co/hgIrz98cdI ^SN",product_issue,Poor,ESCALATE,Customer reports the product is in poor condition and requests a replacement.
1953386,I just dont understand how i get instantly charged the money comes straight out yet i have to wait upto a week for the money back! I still don't know if the refund has been issued,@579937 How did they confirm the refund? The time advised would also include Bank processing time. ^PK,refund_payment,Poor,ESCALATE,Customer is concerned about delayed refund processing after immediate payment.
785801,Ok I will try it. Thx,@307482 No problem. ^KM,other,Good,AUTO_HANDLE,Customer acknowledges the suggested solution positively.
511705,"It was a Prime eligible item. Ordered it yesterday, given Monday 04/12 as the soonest prime delivery option.","@237639 During this busy time we have extended slightly the delivery window for some Prime eligible items. We appreciate your patience with us, Dave.^SM",prime,Good,AUTO_HANDLE,Customer is confirming the available Prime delivery timeframe.
2961723,@116324 have meant to pick up a package two days in a row now to return to you. Despite their promises they haven’t turned up on either day. What’s worse is that they only said the delivery would be between 8am and 8pm so we’ve been stuck inside all day,"@221314 I'm very sorry for the poor experience! Whenever you have a chance, reach out to us here: https://t.co/JzP7hlA23B We'd be happy to look into this with you in real-time! ^SK",return,Poor,ESCALATE,Scheduled return pickup failed twice and caused significant inconvenience.
2406909,I replied long back,@692195 Thanks for the heads up. We'll check this and get back with an update. Keep an eye on your mailbox. ^YP,customer_service,Acceptable,ESCALATE,Customer says they already replied and is waiting for follow-up.
141097,@115821 @1402 @8105 @1840 . Should i take a snap of ur email and post it? Everyone in Amazon speaks same lang? Do u guys bought any template or what? By the way the email i got is neither a resolution nor answer. Come to the topic. stop templating,@147589 I'm sorry but the resolution provided by our team was the best we could offer. Kindly reply to the latest correspondence from our team for further assistance. ^GD,customer_service,Poor,ESCALATE,Customer says the support response is templated and does not answer the issue.
2260810,It’s next day delivery and when I signed in today its saying my orders are delayed after already apparently being dispatched to the carrier from two different locations.,"@377094 While it's rare, delays can occur. Have you been given a new expected delivery date? ^AC",delivery,Poor,ESCALATE,Next-day delivery order has been delayed after dispatch.
107313,La spedizione è stata fatta da Amazon,@139835 Grazie per il riscontro. Contatta i colleghi del Servizio Clienti da qui: https://t.co/jrFo5bLIbk per ricevere assistenza. Restiamo a disposizione! ^PS,delivery,Good,AUTO_HANDLE,Customer confirms the shipment was made by Amazon.
2877745,"No, all he needed to do was scan the qr code &amp; put the label on but he made it such hard work, said he was too busy with other paperwork, not my problem! So just walked out, felt as though my business wasn’t valued! This was at Smisby news in Ashby de la Zouch",@798780 We'd like to speak with you about this to get to the bottom of it! Please reach out to us via phone or chat here: https://t.co/JzP7hlA23B. ^DG,return,Poor,ESCALATE,Customer reports a poor experience while trying to complete a return.
1437381,you have let me down bigtime. Message sent.,@453673 Sorry to hear that. Have you spoken to someone over the phone? ^RS,customer_service,Poor,ESCALATE,Customer expresses strong dissatisfaction with support.
2874076,Amazon shipping is all I have,@791507 Thank you. And have your packages been delivered now. What does the tracking currently say? ^KK,delivery,Acceptable,ESCALATE,Customer's message concerns Amazon shipping but lacks enough detail for resolution.
589988,"hi Amazon! I am a prime member in the UK, and I want to buy Christmas presents for my family in Australia. Can I use the UK Amazon shop for that or do I have to switch to the AU store?",@259503 Hi there! You can use whichever site you prefer. Your login information for one site will work for all Amazon sites (but your Prime membership doesn't carry over). I would suggest checking the prices and shipping charges on each site before making your decision. ^SP,prime,Good,AUTO_HANDLE,Customer asks about using a UK account/site for purchases in Australia and Prime coverage.
226307,Last time tweeted this was the typical reply gave. And after registration of complaint the reply you have on mail is different,"@170029 In this case, please revert to our email correspondence for further assistance on this. ^HK",customer_service,Poor,ESCALATE,Customer reports inconsistent responses between Twitter and email support.
111814,"To answer your question, the order hadn’t been shipped. This was maybe 1 hour or so after the order was placed.","@140835 Once an order is being prepared for shipment, we are unable to alter the order in any way. ^ZW",order,Acceptable,ESCALATE,Customer discusses an order that had not yet shipped and implies an order-change issue.
801688,Thanks! Heavy demand i perfectly understand. What i fail to understand is ppl who requested an invite much later have received them whereas😔,@311031 I request you to please wait and keep an eye on your emails. Invitations will be sent soon. ^NR,other,Acceptable,ESCALATE,Customer is concerned about not receiving an invitation despite later applicants receiving one.
986091,Yeah I got some headphones on the way so hopefully they are actually headphones 😂😂,"@353700 Ok, let us know anyway if you have any more problems. ^KM",order,Good,AUTO_HANDLE,Customer confirms headphones are on the way and makes a lighthearted comment.
322987,I paid extra for 1 day shipping so my package would arrive when needed. Now it may not arrive for 4 more days. What the heck!,"@192931 I'm sorry Jessica, please contact us here for help:  https://t.co/hApLpMlfHN ^AT",delivery,Poor,ESCALATE,Customer paid for one-day shipping but expects a major delay.
1553846,i'm calling from ireland - i cannot connect to the number in that link.,"@480675 Since you can't contact us, let's contact you. Fill out this form: https://t.co/whNFPnGPjC We will be in touch. ^DA",customer_service,Acceptable,ESCALATE,Customer cannot reach support through the provided phone number.
2522243,I got a mail saying product is cancelled but on the site it still is in dispatched state. Can I know till when are you going to hold my money ? and who is going to pay for the interest ? shame on you @115821 @115851,@718351 I apologize for the delay in resolving your issue regarding the order cancellation. Please reply to the email sent to you by our team. We'll help you. ^PJ,refund_payment,Poor,ESCALATE,Cancelled order still shows dispatched and customer is concerned about withheld payment.
1680367,Unhappy with the quality of product,@393065 Apologies. You may reach out to our support team here: https://t.co/vlvfJr4nN9 and we’ll be glad to help you. ^NK,product_issue,Poor,ESCALATE,Customer directly complains about product quality.
926655,Because of the AmzLogs delivery service there were many problems. On the phone 2x. Finally got. Size doesn't work &amp; no idea how to return.,@339877 Was the item purchased from https://t.co/nUUp5MLhYl or https://t.co/ykTUEmdsQA? ^LB,return,Poor,ESCALATE,Customer has delivery-related problems and does not know how to return the item.
2192386,Obviously I have used all your “help” channels to no avail. Even requesting for a refund just to end this waste of time. Write something that isn’t a pre written response. @115821 @115850 @115851,"@641708 I get you're upset. I'd like to take a closer look at this issue and help you, kindly share your details here: https://t.co/beaaDm0muc and I'll contact you soon. ^SY",customer_service,Poor,ESCALATE,Customer has exhausted support channels without resolution and is requesting refund.
2884201,Your site must poll usps less frequently because you still say “by” end of the week. Manually running usps tracking on their site shows “out for delivery”,"@174500 Thanks for letting us know, Ron. Keep us posted if your order does not arrive today as per the tracking.^TI",delivery,Acceptable,AUTO_HANDLE,Customer reports a discrepancy between Amazon and USPS tracking information.
1229723,Do you do trade in on this device? We're thinking of getting a new Fire 8. https://t.co/XrBFNadfEM,"@408416 I'm sorry, this model isn't currently eligible. You can locate eligible Trade-In items here: https://t.co/JMjPIFkhQg ^JM",product_issue,Good,AUTO_HANDLE,Customer asks whether the device is eligible for Trade-In.
2052174,Sold By: Costumes Anytime &amp; Party Supplies,"@376133 For return/replacement options, please click here: https://t.co/QdbmLg8Vs1 ^JA",order,Acceptable,ESCALATE,Customer identifies the third-party seller associated with the order.
665247,Hi! Oh I ordered it this morning! Thank you x,"@278536 Tickets will be sent 7 days before an event. If you haven't received them 5 days before, contact us: https://t.co/AunXwc3emh ^AF",order,Good,AUTO_HANDLE,Customer confirms the order was placed.
1030391,Refund is only processing for $13.09 and product was $19.99...spent over an hour dealing with this last night 😡,"@363790 I'm sorry for the frustration, we'd like to look into this with you. Please provide details here: https://t.co/IO7bkCQlAL ^JF",refund_payment,Poor,ESCALATE,Customer reports that the refund amount is less than the product price.
824093,if they're not leaving laptops on doorsteps unattended to get drenched they're consistently never meeting 2 day guarantee and are late :(,@184560 I'm very sorry to hear this! Is there a carrier in particular you're experiencing troubles with? We'd like to help. ^ST,delivery,Poor,ESCALATE,Customer reports repeated late and unsafe delivery experiences.
180967,Please check the Date from which is pending https://t.co/7gqgOsctkP,@158507 We're sorry for the delay. Please share your details with us here: https://t.co/GIJyeYqKE0 and we'll help you. ^ZH,delivery,Acceptable,ESCALATE,Customer asks for clarification about a pending delivery date.
141059,Delay!! For how many days....???give the correct dste n time for it to resolve.... U cannot ask your customers to wait for a half a month or month...,@147817 Please reply to the email you've received from our team and we'll reach out to you. ^KA,delivery,Poor,ESCALATE,Customer is frustrated about a long delay and requests a definite resolution date.
478475,Thank you. An update on twitter or email?,@134339 No problem. You'll be updated via email. ^TP,customer_service,Good,AUTO_HANDLE,Customer asks where the support update will be provided.
1525058,What is this robot language.. ?? Give me date,"@473708 We don't have any announcement on this yet, do stay tuned to our website for further updates. ^SQ",delivery,Poor,ESCALATE,Customer wants a definite date instead of an unclear automated response.
1240421,"what I find odd is how they had my request for over 48 hours, ship it than say they can't cancel the order because they shipped it 5 minutes prior","@410947 Apologies, did you receive an email to say that the order was lost in transit? ^JJ",order,Poor,ESCALATE,Customer is upset that an order could not be cancelled after delayed processing.
360713,Plz confirm the time. Bcz it is pending since 01 August 17,"@201415 I understand your concern, we are right on it! We'll get back to you soon with an update. ^PR",delivery,Poor,ESCALATE,Customer has been waiting for a long time and requests confirmation of timing.
2126702,Muchas gracias por la información y pronta respuesta.,"@626218 De nada Juan, cualquier duda adicional o inconveniente, estamos aquí para ayudarte. ^DA",other,Good,AUTO_HANDLE,Customer thanks Amazon for the information and quick response.
2602236,I cant get to the site to even log in. https://t.co/gYEZwRqcrv,@736324 Definitely strange! Have you been able to reach the site from other devices? ^BL,account_login,Acceptable,ESCALATE,Customer cannot access the site to log in.
650063,"Yes. The one delivered to the wrong address, was dropped off at my house by the person who received it in error. The other two are MIA.",@274546 can you see order tracking on the order? https://t.co/Y5jpI9gRhE ^AS,delivery,Poor,ESCALATE,"Multiple packages have delivery problems, including wrong-address delivery and missing packages."
205996,"But I was already given that option earlier. I emailed my concern, and got a reply that was totally off topic. I’m not sure anyone read it",@164791 The second link is a different form that you will need to fill in that goes straight to a specialist team. ^KM,customer_service,Poor,ESCALATE,Customer received an irrelevant response and says the issue was not properly handled.
2287528,Who should I contact to find out how Amazon delivered the same package twice?,"@646519 Please use the link ^AM provided to reach us, and keep us posted on the outcome. ^JN",delivery,Acceptable,ESCALATE,Customer reports duplicate delivery and asks how to resolve or investigate it.
115808,"Hi, got a Fire Stick today but get the following error. I'm in UK and it's set to UK! Help https://t.co/6MLgBWfvQO",@141787 I'm sorry for the frustration! We're available to look into your account settings via phone or chat here: https://t.co/oGDklGgbCZ ^SJ,product_issue,Poor,ESCALATE,Fire Stick is showing an error despite correct regional settings.
314029,@115850 Please contact me; It's urgent!,@190973 Kindly get in touch with us here: https://t.co/Tg4omlblQN and we’ll be glad to help you. ^NS,customer_service,Acceptable,ESCALATE,Customer requests urgent support contact.
1456276,Do u think I'm fool tweeting here I tried dat by it's not helping m ...every agent give difrnt answer amazonpoorservice##pathetic##cheaters.,"@177048 If the details were shared, you must've received a correspondence from us. Please check and revert. We'll get back to you. ^HD",customer_service,Poor,ESCALATE,Customer tried the suggested solution without success and received inconsistent answers.
1306427,Are you callin me for this ? Please call me for more clarification on 9899955881,@425293 Please don't provide your order details as we consider it personal info. Our twitter page is visible to public.(2/2)^CB,customer_service,Acceptable,ESCALATE,Customer requests a call for clarification.
2850636,". I purchased a projector lightning deal around 0830 this morning and it still is not showing up in ""my orders"". Is this something to worry about?",@792651 Did you get a confirmation e-mail? You can check all communication from us here: https://t.co/IFzqxZIbJq You might also confirm that you are logged into the correct account. ^AF,order,Acceptable,ESCALATE,Recently purchased item is missing from the customer's order history.
1693578,Actually it's updated now for delivery tomorrow sorry lads will delete,@513958 No worries! Thanks for keeping us updated! ^WT,delivery,Good,AUTO_HANDLE,Customer confirms the delivery information has been updated and issue is resolved.
